/*
	Sql script that populates database with information
	Run it after using command 'Update-Database' in package manager console
*/

USE PropertySearch;

INSERT INTO [AspNetRoles] VALUES ('63258DBE-D709-41C8-90AF-7278CB987C1E', 'admin', 'ADMIN', 'da526518-db01-4f97-88eb-5a18b2e2a9fe'), ('9E4F35DB-192C-47FB-B7D4-A281B7989470', 'landlord', 'LANDLORD', '917e5175-d706-4017-94b8-662db82e62cf'), ('A84FBF0E-1B2A-4EA2-B703-A7E8D9F4A647', 'user', 'USER', 'd2af717f-ad22-4450-ba66-1deebe950707');
INSERT INTO [AspNetUsers] VALUES ('1F9EBB06-0947-4D6F-F99C-08DB34EFB52C', '', 1, '2023-04-04 12:33:55.0476896', 'admin', 'ADMIN', 'adminemail@exapmle.com', 'ADMINEMAIL@EXAMPLE.COM', 1, 'AQAAAAEAACcQAAAAEFAe+gNY6lCyryO4anQUFi6cOEZk7fZingwSWtQqlzKGEX5omFWbMibK2liqa6fUiw==', 'PTPHI5XVGUOUNYIO7F3QT3DNZFUI6GEC', '37f724a4-84ce-4305-a3a0-c73e20b2d7e5', NULL, 0, 0, NULL, 1, 0);
INSERT INTO [AspNetUserRoles] VALUES ('1F9EBB06-0947-4D6F-F99C-08DB34EFB52C', '63258DBE-D709-41C8-90AF-7278CB987C1E'), ('1F9EBB06-0947-4D6F-F99C-08DB34EFB52C', '9E4F35DB-192C-47FB-B7D4-A281B7989470'), ('1F9EBB06-0947-4D6F-F99C-08DB34EFB52C', 'A84FBF0E-1B2A-4EA2-B703-A7E8D9F4A647');
INSERT INTO [Contact] VALUES ('1F9EBB06-0947-4D6F-F99C-08DB34EEB52C', 'Email address', 'adminemail@exapmle.com', '2023-04-04 12:33:55.0476896', '1F9EBB06-0947-4D6F-F99C-08DB34EFB52C'), ('1F9EBB06-0947-4D6F-F99C-08DB24EEB52C', 'Postcode', '47206', '2023-04-04 12:33:55.0476896', '1F9EBB06-0947-4D6F-F99C-08DB34EFB52C'), ('1F9EBB06-0947-4D6F-F99C-08DB34EEB57C', 'Phone number', '095-209-21-40', '2023-04-04 12:33:55.0476896', '1F9EBB06-0947-4D6F-F99C-08DB34EFB52C');
INSERT INTO [Locations] VALUES 
    ('8FE86923-0BFA-41AD-8B1D-147B00C515CB', 'UA', 'Dnipropetrovsk', 'Dnipro', 'Zaporizke Hwy, 62-К, Dnipro, Dnipropetrovsk Oblast, 49041', '2023-03-27 12:43:36.0871408'),
    ('1FE86923-0BFA-41AD-8B1D-147B00C525CB', 'USA', 'California', 'Los Angeles', '1234 Hollywood Blvd, 90028', '2023-04-22 09:00:00.000'),
    ('7C32D8A1-7D4E-4C4F-8C6F-1D5FA5B5E5B3', 'Canada', 'Ontario', 'Toronto', '5678 Yonge St, M2M 4K2', '2023-04-22 09:00:00.000'),
    ('348BB2A7-EB4B-4A7F-BFC6-18BC2423C5FE', 'Australia', 'New South Wales', 'Sydney', '1 Macquarie Pl, NSW 2000', '2023-04-22 09:00:00.000'),
    ('64130531-EC8B-43D9-9EC1-638F59C8A1E7', 'Japan', 'Tokyo', 'Shinjuku', '2 Chome-8-1 Nishishinjuku, Shinjuku City, Tokyo 160-0023', '2023-04-22 09:00:00.000'),
    ('8E0E2D29-0706-456C-A8EC-54ABF0B46213', 'Germany', 'Bavaria', 'Munich', 'Marienplatz 1, 80331 München', '2023-04-22 09:00:00.000'),
    ('766647B9-FC33-47A5-A460-C00E50C8F260', 'France', 'Île-de-France', 'Paris', '5 Avenue Anatole France, 75007 Paris', '2023-04-22 09:00:00.000'),
    ('BCAF9B49-BA25-4F68-88D8-C8B1EBB1981F', 'China', 'Beijing', 'Beijing', 'Tiananmen Square, Dongcheng, Beijing, China', '2023-04-22 09:00:00.000'),
    ('A54ACF15-DBD5-4A35-BAF1-3A3F3FA21469', 'Brazil', 'São Paulo', 'São Paulo', 'Avenida Paulista, 901, Bela Vista, São Paulo - SP, 01310-100', '2023-04-22 09:00:00.000'),
    ('B2CAE2D6-ABFF-40B9-85A5-6E67FE96F8C6', 'United Kingdom', 'England', 'London', 'Buckingham Palace, London SW1A 1AA', '2023-04-22 09:00:00.000'),
    ('C9B9B78D-522E-4B81-90F8-08235D23A98A', 'South Africa', 'Western Cape', 'Cape Town', 'Table Mountain, Cape Town, 8001', '2023-04-22 09:00:00.000')


INSERT INTO [Accommodations] VALUES 
('8FE86923-0BFA-41AD-8B1D-147B00C585CB', 'A luxurious villa', 'Modern studio apartment with all the amenities. Located in a vibrant neighborhood with plenty of restaurants and bars.', 605, 'https://www.realestate.com.au/blog/images/1024x768-fit,progressive/2019/08/21114902/capi_89fabccddb1bb4e76ce88070ffd56381_3926fda65b7c535a9f34af1ed1945f37.jpeg', '1F9EBB06-0947-4D6F-F99C-08DB34EFB52C', '2023-03-27 12:43:36.0871408', '8FE86923-0BFA-41AD-8B1D-147B00C515CB'), 
('2DA307F8-0EB9-433A-B650-2859B999A97D', 'Third accommodation', 'Accommodation, that was created to test creation accommodation feature', 450, 'https://img.freepik.com/free-vector/web-development-programmer-engineering-coding-website-augmented-reality-interface-screens-developer-project-engineer-programming-software-application-design-cartoon-illustration_107791-3863.jpg?w=2000', '1F9EBB06-0947-4D6F-F99C-08DB34EFB52C', '2023-03-28 12:25:38.1057471', '1FE86923-0BFA-41AD-8B1D-147B00C525CB'), 
('24F61215-0095-4C21-B56D-2C122325AC31', 'A modern apartment with sleek furnishings', 'Cozy 1-bedroom cottage nestled among the trees. Perfect for a romantic getaway or a peaceful retreat.', 760, NULL, '1F9EBB06-0947-4D6F-F99C-08DB34EFB52C', '2023-03-27 12:43:36.0761225', 'A54ACF15-DBD5-4A35-BAF1-3A3F3FA21469'), 
('23747225-F3B2-4F84-ADB6-35273EE8D886', 'Mine accommodation', 'Some description 2', 1200, 'https://www.dmu.ac.uk/webimages/study/accommodation/halls-of-residence/bede-hall/bede-hall-bedroom-02.jpg', '1F9EBB06-0947-4D6F-F99C-08DB34EFB52C', '2023-04-03 15:58:17.1233847', '7C32D8A1-7D4E-4C4F-8C6F-1D5FA5B5E5B3'), 
('6C02D76D-1514-4EEC-A36E-4C5B4B75A580', 'A secluded treehouse', 'Luxurious 4-bedroom villa with breathtaking ocean views. The perfect place for a tropical escape.', 515, 'https://i.ytimg.com/vi/aUHVE3nhFzk/maxresdefault.jpg', '1F9EBB06-0947-4D6F-F99C-08DB34EFB52C', '2023-03-27 12:43:36.1006916', 'BCAF9B49-BA25-4F68-88D8-C8B1EBB1981F'), 
('BB338D82-2310-45F9-B8D7-536363BB50E6', 'A charming farmhouse', 'Quaint 2-bedroom bungalow with a screened-in porch. Surrounded by lush gardens and located in a quiet neighborhood.', 662, 'https://media.onthemarket.com/properties/12957170/1437487200/image-1-480x320.webp', '1F9EBB06-0947-4D6F-F99C-08DB34EFB52C', '2023-03-27 12:43:36.1053357', '348BB2A7-EB4B-4A7F-BFC6-18BC2423C5FE'), 
('CF743825-D8D8-47F5-8C1D-6C514B23012D', 'A boutique hotel', 'Cozy 2-bedroom cabin in the woods with a rustic interior and a wood-burning stove. A great spot for nature lovers.', 659, 'https://media.onthemarket.com/properties/12722845/1430849693/image-4-480x320.jpg', '1F9EBB06-0947-4D6F-F99C-08DB34EFB52C', '2023-03-27 12:43:36.1148369', 'B2CAE2D6-ABFF-40B9-85A5-6E67FE96F8C6'), 
('172CFED1-A2F5-472F-A907-796A518741C6', 'Second accommodation', 'Accommodation, that was created to test creation accommodation feature', 880, 'https://thurrott.s3.amazonaws.com/wp-content/uploads/sites/2/2023/01/GitHub.jpeg', '1F9EBB06-0947-4D6F-F99C-08DB34EFB52C', '2023-03-28 12:14:00.4018545', '64130531-EC8B-43D9-9EC1-638F59C8A1E7'), 
('E014E678-54C6-468C-B59C-CD1C03373BDD', 'A cozy mountain cabin', 'Beautifully renovated 2-bedroom apartment in the heart of downtown. Enjoy stunning city views from your private balcony.', 856, 'https://i.pinimg.com/originals/31/a7/bd/31a7bd737d28ab08e1be341730100f3e.jpg', '1F9EBB06-0947-4D6F-F99C-08DB34EFB52C', '2023-03-27 12:43:35.8531196', 'C9B9B78D-522E-4B81-90F8-08235D23A98A'), 
('EF6608BA-8709-401C-975B-D5CBD7545395', 'A charming beach cottage', 'Spacious 3-bedroom house with a large backyard and pool. Ideal for families or groups of friends.', 949, 'https://beautifuldreamhomeplans.com/Beautiful-Mediterranean-Luxury-Home-Architect-Plans.jpg', '1F9EBB06-0947-4D6F-F99C-08DB34EFB52C', '2023-03-27 12:43:36.0821643', '8E0E2D29-0706-456C-A8EC-54ABF0B46213'),  
('07847D4D-58A8-404C-8C5C-DD80EED41CB8', 'Charming 2-story townhouse', 'Charming 2-story townhouse with a fireplace and exposed brick walls. Conveniently located near public transportation.', 1128, 'https://cdn.apartmenttherapy.info/image/upload/v1619013756/at/house%20tours/2021-04/Erin%20K/KERR-130-CLARKSON-2R-01-020577-EDIT-WEB.jpg', '1F9EBB06-0947-4D6F-F99C-08DB34EFB52C', '2023-03-27 12:43:36.0910849', '766647B9-FC33-47A5-A460-C00E50C8F260');